ID,Norma,Requisito,Módulo AirTrust,Funcionalidade necessária,Evidência ANAC,Status atual,Prioridade,Fase,Risco
REQ-001,Resolução ANAC 458/2017,Sistema informatizado deve garantir autenticidade e integridade dos registros,Records Core,Hash criptográfico de cada registro regulado (SHA-256 ou superior),Log de hashes com timestamps auditáveis,Inexistente,Alta,Fase 2,Adulteração de registros oficiais sem detecção
REQ-002,Resolução ANAC 458/2017,Assinatura eletrônica com validade jurídica,Records Core,Módulo de assinatura eletrônica com certificado digital ou equivalente aceito pela ANAC,Política de assinatura documentada + evidência técnica,Inexistente,Alta,Fase 2,Registros sem validade jurídica; rejeição pela fiscalização
REQ-003,Resolução ANAC 458/2017,Criptografia assimétrica para proteção de dados sensíveis,Records Core / Infra,Uso de TLS 1.2+ na camada de transporte; criptografia em repouso para dados regulados,Política de segurança + certificado SSL/TLS auditável,Parcial (TLS em produção),Alta,Fase 1,Exposição de dados regulados em trânsito ou em repouso
REQ-004,Resolução ANAC 458/2017,Trilha de auditoria imutável de todos os acessos e alterações,Audit Log,Log append-only de criação/edição/exclusão/exportação com userId timestamp e campo alterado,Exportação de audit log para fiscalização,Protótipo (audit_log v2 em schema),Alta,Fase 2,Impossibilidade de reconstruir histórico de alterações
REQ-005,Resolução ANAC 458/2017,Backup regular com capacidade de restauração verificada,Infra,Política de backup automatizado + drill de restauração documentado,Relatório de teste de restauração,Parcial (D1 backup manual documentado),Alta,Fase 1,Perda irrecuperável de registros regulados
REQ-006,Resolução ANAC 458/2017,Preservação dos registros pelo período exigido por norma,Records Core,Política de retenção por tipo de registro (DB=5 anos mínimo; SDRMe=período RBAC 43),Documento de política de retenção com mapeamento por norma,Inexistente,Alta,Fase 2,Registros apagados antes do prazo; infração regulatória
REQ-007,Resolução ANAC 458/2017,Disponibilidade dos registros para fiscalização a qualquer momento,Records Core / DB Digital,Modo fiscalização: acesso read-only para inspetor com exportação imediata,Manual do fiscal + evidência de acesso demonstrado,Inexistente,Alta,Fase 3,Obstáculo à fiscalização; autuação
REQ-008,Resolução ANAC 458/2017,Formato de exportação aceitável pela ANAC,Records Core,Exportação em PDF/XML/CSV estruturado com metadados de integridade,Exemplo de exportação validado com representante ANAC,Inexistente,Alta,Fase 2,Dados ilegíveis ou não auditáveis pela fiscalização
REQ-009,Resolução ANAC 458/2017,Correções sem apagar histórico (addendum),Records Core,Mecanismo de addendum: registro original imutável + registro de correção vinculado,Evidência de fluxo de correção sem deleção lógica,Inexistente,Alta,Fase 2,Alteração de registros oficiais; crime contra a aviação civil
REQ-010,Resolução ANAC 458/2017,Política de correções com rastreabilidade de quem corrigiu e quando,Records Core / Audit Log,Addendum com campos: autor da correção, motivo, timestamp, referência ao registro original,Relatório de addenda exportável,Inexistente,Alta,Fase 2,Auditoria impossível; risco legal
REQ-011,Resolução ANAC 773/2025,Diário de Bordo eletrônico (eDB) substitui DB em papel quando autorizado,DB Digital,Módulo eDB em tablet/PED com todos os campos obrigatórios do DB,Evidência funcional do eDB + autorização do operador,Inexistente,Alta,Fase 3,Operação sem DB válido; restrição de AOC
REQ-012,Resolução ANAC 773/2025,Identificação inequívoca da aeronave no registro,DB Digital,Campo prefixo aeronave (vinculado a registro no módulo de aeronaves) obrigatório antes de abertura do DB,Validação técnica: não é possível abrir DB sem aeronave vinculada,Inexistente,Alta,Fase 3,DB associado à aeronave errada; irregularidade grave
REQ-013,Resolução ANAC 773/2025,Identificação de tripulação com código ANAC/CANAC,DB Digital / Controle de Voos,Campo código ANAC obrigatório para PIC e SIC; vínculo com cadastro de Funcionários,Validação: código ANAC presente e ativo no banco de tripulantes,Parcial (campo CANAC existe em Funcionários),Alta,Fase 3,Tripulante sem identificação regulatória nos registros
REQ-014,Resolução ANAC 773/2025,Registro de horários: partida de motores / decolagem / pouso / corte,DB Digital,Campos distintos para cada etapa com validação de sequência temporal,Evidência de validação de sequência; impossibilidade de pouso antes da decolagem,Inexistente,Alta,Fase 3,Registro inválido; não conformidade com RBAC 135
REQ-015,Resolução ANAC 773/2025,Registro de pousos e ciclos por etapa de voo,DB Digital / Controle de Voos,Campos pousos e ciclos por perna; acumulação automática por aeronave,Exportação de histórico de pousos/ciclos por prefixo,Inexistente,Alta,Fase 3,Dados de manutenção baseados em ciclos incorretos; risco de segurança
REQ-016,Resolução ANAC 773/2025,Registro de combustível (abastecimento e consumo),DB Digital,Campos litros/kg abastecidos e consumidos; vinculado ao fornecedor quando disponível,Relatório de consumo por aeronave e período,Inexistente,Média,Fase 3,Dados operacionais incompletos
REQ-017,Resolução ANAC 773/2025,Registro de POB (pessoas a bordo),DB Digital / Controle de Voos,Campo POB obrigatório por etapa; validação mínimo 1 (PIC),Evidência técnica de obrigatoriedade do campo,Inexistente,Alta,Fase 3,Registro incompleto; não conformidade
REQ-018,Resolução ANAC 773/2025,Assinatura do PIC no DB após cada etapa,DB Digital,Assinatura eletrônica do PIC vinculada ao CANAC; imutável após assinatura,Evidência de assinatura digital com auditoria,Inexistente,Alta,Fase 3,DB sem validade jurídica; risco operacional
REQ-019,Resolução ANAC 773/2025,Assinatura do operador ou pessoa designada,DB Digital,Perfil de operador com permissão de contrassinatura; log de assinatura,Política de assinaturas documentada,Inexistente,Alta,Fase 3,DB incompleto; não aceito pela fiscalização
REQ-020,Resolução ANAC 773/2025,Registro de natureza do voo,DB Digital,Campo natureza obrigatório (passageiro/carga/ambulância/instrução/ferry etc.) por etapa,Lista de naturezas conforme RBAC 135,Inexistente,Alta,Fase 3,Classificação incorreta do voo para fins regulatórios
REQ-021,Portaria 3.220/SPO/SAR/2019,Requisitos de interface e campos do eDB conforme portaria,DB Digital,Campos de abertura/encerramento de folha de DB conforme portaria vigente,Evidência de conformidade campo a campo com a portaria,Inexistente,Alta,Fase 3,eDB com campos faltantes; rejeição pela ANAC
REQ-022,IS 91-015B,Reconstituição de caderneta de voo em caso de perda ou destruição,DB Digital / Records Core,Exportação de histórico completo de voos por tripulante para reconstituição,Evidência de reconstituição a partir do sistema,Inexistente,Média,Fase 4,Impossibilidade de reconstituir caderneta; prejuízo ao tripulante
REQ-023,RBAC 43 / IS 43.9-004,Ordem de Serviço (OS) com campos regulatórios completos,MRO / SDRMe,OS com: descrição do trabalho, referência técnica, data, executor, aprovador, licença ANAC,Evidência de OS completo exportável em PDF,Protótipo (MRO existe),Alta,Fase 4,OS sem validade regulatória; manutenção não documentada
REQ-024,RBAC 43 / IS 43.9-004,Aprovação para Retorno ao Serviço (Return to Service),SDRMe,Campo de aprovação final com assinatura do inspetor/aprovador e número de licença,Evidência de aprovação gravada e imutável após assinatura,Inexistente,Alta,Fase 4,Aeronave retorna ao serviço sem aprovação formal; risco grave
REQ-025,RBAC 43 / IS 43.9-004,Referência técnica obrigatória em toda manutenção realizada,SDRMe,Campo referência técnica obrigatório (Manual de Manutenção, AD, SB, CMM),Evidência de obrigatoriedade técnica no formulário,Inexistente,Alta,Fase 4,Manutenção sem base técnica documentada; não conformidade
REQ-026,RBAC 43,Registro de horas de trabalho e data de conclusão por executor,SDRMe,Campos horas-homem, data início, data conclusão por executor na OS,Relatório de produtividade por mecânico/inspetor exportável,Inexistente,Média,Fase 4,Rastreabilidade insuficiente de quem fez o quê
REQ-027,RBAC 43,Task cards vinculados à OS com check de execução e inspeção,SDRMe,Task cards com check-step de executor + inspetor; impossibilidade de fechar OS sem todos os steps concluídos,Evidência de controle step-by-step em OS complexas,Inexistente,Alta,Fase 4,Etapas de manutenção omitidas sem detecção
REQ-028,RBAC 43,Registro de componentes removidos e instalados com part number e serial,SDRMe / MRO,Campos PN/SN por componente; histórico de instalação/remoção por aeronave,Relatório de componentes por aeronave exportável,Protótipo parcial,Alta,Fase 4,Rastreabilidade de componentes impossível; risco de segurança
REQ-029,RBAC 43,Controle de vida limitada (life-limited parts),MRO / SDRMe,Tabela de componentes com vida útil; alertas automáticos de vencimento,Dashboard de life-limited parts com status e prazo,Inexistente,Alta,Fase 4,Componente voando além da vida útil; risco de segurança grave
REQ-030,RBAC 43,Registro de AD (Airworthiness Directives) e SB (Service Bulletins),MRO / SDRMe,Módulo de tracking de AD/SB com status (aberta/cumprida/N/A) por aeronave,Relatório de conformidade de AD por aeronave,Inexistente,Alta,Fase 4,AD não cumprida sem detecção; risco de segurança e multa ANAC
REQ-031,RBAC 43,Calibração de ferramentas e equipamentos de teste,SDRMe,Registro de calibração com data e prazo; alerta antes do vencimento,Relatório de calibração exportável,Inexistente,Média,Fase 4,Manutenção realizada com ferramenta não calibrada
REQ-032,RBAC 43,Qualificação e treinamento de pessoal de manutenção,SDRMe / LMS,Vínculo entre executor e suas qualificações/licenças no LMS; bloqueio se qualificação vencida,Evidência de validação automática de qualificação antes de assinar OS,Parcial (LMS existe; vínculo com MRO inexistente),Alta,Fase 4,Mecânico não habilitado executa tarefa crítica sem alerta
REQ-033,RBAC 43,Manutenção terceirizada com rastreabilidade,SDRMe,Módulo de fornecedor/OMA terceirizado; OS terceirizada com RAS e documentação de retorno,Relatório de manutenção terceirizada por aeronave,Inexistente,Alta,Fase 4,Trabalho terceirizado sem rastreabilidade; não conformidade RBAC 145
REQ-034,RBAC 43,Transferência de registros de manutenção entre operadores,SDRMe / Records Core,Exportação estruturada de histórico de manutenção por aeronave em formato aceitável,Evidência de exportação completa de histórico de manutenção,Inexistente,Média,Fase 5,Registros presos no sistema; impossibilidade de transferência
REQ-035,RBAC 135,Controle operacional de voos: programação e despacho,Controle de Voos,Módulo de programação de voos com despacho formal e release do PIC,Evidência de release digital com assinatura do PIC e despachante,Protótipo (módulo existe),Alta,Fase 3,Voo operado sem controle operacional documentado
REQ-036,RBAC 135,Localização de voo (flight following),Controle de Voos,Rastreamento de posição de voo em tempo real ou via posições reportadas; alerta de ausência de posição,Evidência de localização com timestamps e posições,Inexistente,Alta,Fase 3,Perda de localização; não conformidade com RBAC 135
REQ-037,RBAC 135 / IS 135-002F,Registro de irregularidades mecânicas (MEL/discrepâncias),DB Digital / SDRMe,Campo de discrepância no eDB com vínculo automático à OS no MRO,Evidência do fluxo: discrepância → OS → RAS,Inexistente,Alta,Fase 3,Discrepância não reportada ao MRO; risco de segurança
REQ-038,RBAC 135 / IS 135-002F,MGO atualizado para uso de sistema digital,Records Core / Doc,Alteração no MGO documentando uso de eDB e SDRMe; submetido e aceito pelo POI,Cópia do MGO com capítulo de registros digitais,Inexistente,Alta,Fase 7,Operação digital sem respaldo no MGO; infração imediata
REQ-039,RBAC 117 / IS 117,Controle de jornada e repouso real vs. planejado,FRMS / Controle de Voos,Comparação automática jornada planejada (escala) vs. realizada (RDV/check-in),Relatório de conformidade de jornada exportável,Parcial (FRMS tem planejada e check-in separados),Alta,Fase 3,Jornada real não capturada; FRMS baseado em planejado apenas
REQ-040,RBAC 117 / IS 117,Alertas de fadiga e risco de FRMS integrados à programação,FRMS / Controle de Voos,Alerta em tempo real antes da alocação se FRMS/fadiga do tripulante estiver em risco,Evidência de bloqueio ou alerta antes de confirmar voo com tripulante em risco,Parcial (FRMS calcula mas não bloqueia programação),Alta,Fase 3,Tripulante fatigado alocado sem alerta; risco de segurança grave
REQ-041,RBAC 117,GRF/SGRF documentado e integrado ao FRMS,FRMS,Plano de Gerenciamento de Risco de Fadiga documentado; evidência de uso do FRMS como ferramenta,Documento GRF com referência ao FRMS como sistema de apoio,Inexistente (FRMS existe mas GRF não documentado),Alta,Fase 2,FRMS operando sem GRF aprovado; não conformidade
REQ-042,RBAC 145,OMA: aprovação de manutenção terceirizada com documentação,SDRMe,Módulo de gestão de OMA/fornecedor com aprovação e controle de qualidade,Relatório de OMAs aprovadas por aeronave,Inexistente,Média,Fase 5,Manutenção terceirizada sem controle; risco de aeronavegabilidade
REQ-043,MP 2.200-2/2001 / ICP-Brasil,Certificado digital ICP-Brasil quando exigido para assinatura com validade jurídica,Records Core / Assinatura,Integração com certificado ICP-Brasil ou equivalente aceito (Gov.br); política de aceite,Evidência de integração com ICP ou decisão documentada de equivalente aceito,Inexistente,Alta,Fase 2,Assinatura sem validade jurídica plena; risco de rejeição pela ANAC
REQ-044,Resolução ANAC 458/2017,Sistema deve funcionar offline quando o dispositivo não tem conexão,DB Digital,PWA ou app nativo com cache local criptografado e sincronização segura ao reconectar,Evidência de teste de offline: abertura e assinatura de DB sem internet,Inexistente,Alta,Fase 3,eDB inoperante em área sem cobertura; operação paralisada
REQ-045,Resolução ANAC 458/2017,Contingência em falha do dispositivo (tablet/PED),DB Digital,Plano de contingência documentado: dispositivo reserva ou retorno ao papel com procedimento formal,Manual de contingência + evidência de drill,Inexistente,Alta,Fase 3,Operação paralisada ou sem registro válido em falha de hardware
REQ-046,Resolução ANAC 458/2017,Logs de acesso e autenticação,Records Core / Infra,Log de login/logout com IP, timestamp e agente; detecção de acesso suspeito,Exportação de logs de acesso para fiscalização,Parcial (auth existe; log de acesso não estruturado),Alta,Fase 2,Acesso não autorizado sem rastreabilidade
REQ-047,Resolução ANAC 458/2017,Política de correções de software mantendo histórico,Records Core / DevOps,Processo de versionamento e rollback de software documentado; histórico de versões,Changelog auditável com datas de deploy,Parcial (git history existe; changelog formal não),Média,Fase 2,Impossibilidade de rastrear quando um bug foi introduzido ou corrigido
REQ-048,RBAC 135,Vínculo entre voo → DB/eDB → discrepância → MRO/OS → RAS,Controle de Voos / DB Digital / SDRMe,Fluxo integrado: ao fechar voo no Controle de Voos gera pré-preenchimento do eDB; discrepância no eDB gera OS no MRO; RAS fecha o ciclo,Evidência do fluxo end-to-end com rastreabilidade de IDs,Inexistente,Alta,Fase 5,Ciclo operacional sem rastreabilidade; risco de segurança e auditoria
REQ-049,RBAC 135,Horas ciclos e pousos do RDV alimentam automaticamente o MRO,Controle de Voos / MRO,Integração automática: ao fechar RDV os dados de horas/ciclos/pousos atualizam os contadores do MRO por prefixo,Evidência de atualização automática de contadores após fechamento de RDV,Inexistente,Alta,Fase 5,MRO com dados desatualizados; manutenção baseada em programas incorretos
REQ-050,RBAC 135,Disponibilidade de registros a bordo para fiscalização,DB Digital,Modo de acesso local no tablet permitindo leitura dos últimos registros mesmo sem internet,Evidência de acesso offline aos últimos N registros conforme norma,Inexistente,Alta,Fase 3,Fiscalização a bordo sem acesso aos registros; autuação imediata
